"rr","year","revenue","rrcode","revenue.ton.miles","price","price.capital","quantity.capital","price.cars","price.locomotives","quantity.cars","quantity.locomotives","quantity.fuel","price.fuel","price.labor","quantity.labor","average.length.of.haul","miles.of.road","percent.unit","percent.bulk"
"ATSF",1983,3895093328.6002,130100,67747758000,0.05749405505936,NA,NA,6857.71213865513,157763.672634438,59211,2025,329494000,1.51765399521311,35.7778628604584,46069000,710.6433105,12079,0.0731843747065401,0.283080326671791
"ATSF",1984,4174077413.14203,130100,75088302000,0.05558891734084,NA,NA,7145.23967680002,167534.097753288,53534,1912,343710211,1.46198491470311,33.6854682670911,50054000,737.1860962,11943,0.0636762478794633,0.293293395219212
"ATSF",1985,3771706255.3843,130100,69094749000,0.0545874514340345,NA,NA,6366.49580963715,155895.181518411,48611,1844,315956739,1.36479560045487,33.3519276358095,46938000,726.0750122,11869,0.0721970691578893,0.262333757187106
"ATSF",1986,3453206326.47158,130100,67143071000,0.0514305687100845,NA,NA,5336.33416861027,140857.312684521,44977,1798,289403240,0.81649797322944,32.8929315783008,42569000,737.1069336,11661,0.0638813466386743,0.276643450175561
"ATSF",1987,3383824054.52411,130100,72004927000,0.0469943404640089,NA,NA,4803.6129108843,131576.790802215,42962,1726,313094614,0.917436018099348,33.7228441487074,40264000,749.0447998,11709,0.0577432095453377,0.302680116935493
"ATSF",1988,3600591006.37726,130100,77274953000,0.0465945415246937,NA,NA,4499.47449995881,130990.453951,41610,1699,329855680,0.808400120948193,36.7942540271883,37757000,720.3579102,11652,0.050727861782727,0.319242240609679
"ATSF",1989,3502287188.9984,130100,82741647000,0.042327984950534,NA,NA,4342.51201411575,136088.24101105,38357,1582,NA,NA,25.275747760796,34992000,803.2467651,11266,0.0547629649068987,0.270612961190443
"ATSF",1990,3257552409.56211,130100,77929441000,0.0418013059988728,NA,NA,4395.61206182308,139450.741151054,34826,1681,311892902,1.08943787830838,38.1048629690417,29880081,757.7736206,10650,0.0607663878148439,0.250634897371202
"ATSF",1991,3294037395.68149,130100,80836341000,0.0407494618748453,NA,NA,4344.81604128681,140112.331932321,32284,1686,311885000,0.98742990562681,35.8405664098555,26900515,774.0646362,9639,0.0916008873781162,0.22363701225169
"ATSF",1992,3335747361.32016,130100,85640084000,0.0389507717124631,NA,NA,4116.5613567424,131226.907636533,31608,1661,318893000,0.904518232205998,35.2577117079726,26432668,778.6807251,8750,0.0853131424999536,0.219698866118049
"ATSF",1993,3547546909.89304,130100,93114029000,0.0380989518764465,NA,NA,3898.38950655624,136139.375016888,32312,1716,348158000,0.94060881211479,33.6378473794662,27635117,793.5336304,8536,0.09471258734916,0.213751974727467
"ATSF",1994,3981047277.83158,130100,1e+11,0.0398104727783158,NA,NA,3945.92917090244,157688.899271328,30312,1719,397040000,0.861131730193027,33.8614526540977,28523913,811.0578003,8352,0.0958010503943777,0.179518857797974
"ATSF",1995,4013360123.19527,130100,1.04e+11,0.0385900011845699,NA,NA,4131.36548243201,102712.350760212,29805,1731,400143000,0.854635321021259,34.9205638591161,27613440,741.4000854,9126,0.0999999985261324,0.176519194558723
"BLE",1983,119867023.764025,411300,1279376000,0.0936917870618368,NA,NA,4118.69134534046,50213.9059960841,6768,63,3112718,1.74086749668964,40.1837932036884,1398000,103.3004456,204,0,0.338058769819499
"BLE",1984,148395287.511645,411300,1717366000,0.0864086557621645,NA,NA,4721.45309677744,44938.9534663212,6426,62,4398317,1.84277000511362,35.2227608279195,1477000,106.0167923,204,0,0.26079540743875
"BM",1983,213429854.192199,411600,2439333000,0.0874951694550102,NA,NA,222.153960518001,7069.71420121685,2530,122,12837250,1.75334457477781,17.9515286295577,5261000,200.3394318,1454,0.0729926888139019,0.207671394449537
"BM",1984,223449281.201778,411600,2636499000,0.0847522723133132,NA,NA,48.2838236992604,7984.32063138098,2092,165,12912523,1.71634297254481,17.0983029281859,5071000,202.605011,1410,0.0852218692548216,0.210244164286282
"BM",1985,195856755.036353,411600,2303016000,0.0850435928523089,NA,NA,5.90416946083214,8618.94688148669,1914,171,13813822,1.53722026633698,15.7028295221005,5029000,191.758194,1404,0.0830431695173652,0.232280686134902
"BM",1986,144140341.196218,411600,1650748000,0.0873181982932695,NA,NA,9.28013176417144,3709.7693368277,1900,171,11207469,0.913608684076215,16.5279241738997,3867000,179.0593414,1350,0.0762879157266387,0.233612280339566
"BM",1987,147382432.754,411600,1198013000,0.123022398549932,NA,NA,NA,NA,NA,NA,7342966,0.889263979649091,31.6117255775609,1671000,121.1337738,1196,0.0707789587620143,0.263894743736306
"BM",1988,0,411600,1359932000,0,NA,NA,107.019392835676,4085.44183210606,1314,136,0,Inf,Inf,0,101.2306061,1196,0.142734572801082,NA
"BNSF",1983,7556547405.88391,130500,1.72e+11,0.0439334151504879,NA,NA,6545.75549836874,42314.4789126034,81614,2999,514704902,1.57186562655316,30.863443748076,79032000,718.2945557,28068,0.546537575560433,0.234903015777632
"BNSF",1984,8333240966.6302,130500,2.01e+11,0.0414589102817423,NA,NA,6678.45291047996,39722.2680663015,72451,2904,555007907,1.56113429205695,32.4244416665164,77557000,750.9107056,27583,0.579206654739991,0.248454172424806
"BNSF",1985,7187087422.16883,130500,1.84e+11,0.0390602577291784,NA,NA,6033.80821660227,42287.363907441,65802,2796,510101844,1.41207812423097,31.6381302800092,71236000,752.7860107,26780,0.581558883236255,0.226034520763089
"BNSF",1986,6892459810.92484,130500,1.87e+11,0.036858073855213,NA,NA,4906.64610009205,44224.7739362865,58302,2530,512476292,0.868824580442226,32.9935177886192,66332000,756.6123047,25539,0.609166087362008,0.23862003799164
"BNSF",1987,6899102950.71776,130500,2.06e+11,0.0334907910229018,NA,NA,4443.9494521463,40141.6806821996,56472,2355,508617106,0.921876673692704,34.8199613019468,62109000,770.2879028,23476,0.639458571670629,0.258833321944227
"BNSF",1988,7405199140.83235,130500,2.24e+11,0.0330589247358587,NA,NA,4112.30714220347,36978.3497395652,56117,2324,578173532,0.805456583913629,35.2928326800638,62169000,760.6981812,23391,0.648067939025639,0.255611467476557
"BNSF",1989,7313070853.5666,130500,2.33e+11,0.0313865701869811,NA,NA,3287.03911545511,33313.2880155282,61177,2309,592163513,0.882957458421033,35.6242285795669,62966000,783.3842773,23356,0.652638046283523,0.24234554280943
"BNSF",1990,7305064167.05343,130500,2.34e+11,0.0312182229361258,NA,NA,3166.58280685515,30866.8168355589,60250,2327,592208684,1.07330181258725,35.2406417838852,62752166,766.3330688,23212,0.658162842467634,0.238582263034926
"BNSF",1991,6995255878.2989,130500,2.32e+11,0.0301519649926677,NA,NA,2770.07756081736,25391.8061389283,58210,2340,561325028,0.974519457323352,35.9094825643109,60108829,770.3721313,23088,0.668224395917989,0.23592356148407
"BNSF",1992,6889993771.92618,130500,2.33e+11,0.0295707887207132,NA,NA,2658.88388952247,25055.1475370406,58927,2251,559635940,0.904562266152724,34.7848246936576,58217730,764.8842773,22786,0.656382116827759,0.235225355632738
"BNSF",1993,6812364496.48772,130500,2.37e+11,0.0287441539936191,NA,NA,2241.34995193263,22118.8333766388,61500,2320,587662020,0.870310968236947,34.1007459745271,58166543,778.0965576,22316,0.660619635959886,0.220003680826059
"BNSF",1994,7093793415.2785,130500,2.61e+11,0.0271792851160096,NA,NA,2129.39683051085,27564.0284357082,64569,2402,630523299,0.811577407075681,33.846944789077,59955637,793.2865601,22189,0.678815780575119,0.214260870879361
"BNSF",1995,7448385005.47215,130500,2.93e+11,0.0254211092336934,NA,NA,1862.66463051027,38131.7838590829,67017,2585,680302768,0.810769330342147,34.0620213582826,61264027,834.8161621,22200,0.705552787997231,0.233755310741426
"BNSF",1996,11075172538.7307,130500,4.11e+11,0.0269468918217293,NA,NA,2611.53108814775,72232.5234312945,95204,4473,1068834000,0.886661645349211,34.702817653606,82392904,875.0797729,35208,0.518117432872274,0.209819130707971
"BNSF",1997,11438775988.5983,130500,4.25e+11,0.0269147670319959,NA,NA,2444.36850236977,87877.4199854308,94053,4736,1091857000,0.877168031531477,37.1589927141263,81435533,935.3687744,33757,0.414481186327668,0.206861598683577
"BNSF",1998,11981875457.4853,130500,4.69e+11,0.0255477088645741,NA,NA,2516.54547678759,98412.3332418657,96372,5031,1154598000,0.79206267580421,37.8314124926655,83856742,970.3060913,33353,0.439998659234633,0.192316279214299
"BNSF",1999,12054343971.4718,130500,4.88e+11,0.0247015245317044,0.159489186237841,26380085185.0464,2439.60319991268,108819.432265713,98243,5134,1173015470,0.744994359660431,41.6496834283271,74815671,983.402832,33264,0.441153560616009,0.191070270170502
"BNSF",2000,11843652025.4509,130500,4.92e+11,0.0240724634663637,0.157146030781806,26934283062.4183,2422.9515770792,108155.427255621,96223,5005,1168149344,0.974661443973608,37.1013552991118,80758328,976.2466431,33386,0.424664812721955,0.190462749216436
"BNSF",2001,11465327505.8804,130500,5.02e+11,0.0228392978204789,0.15036914892191,27384666817.905,2436.1483957932,101871.596072476,90412,4901,1177144447,0.986494702727033,37.5552472988615,82284069,992.0116577,33063,0.451695277795479,0.191125037832846
"BNSF",2002,11109115540.1115,130500,4.88e+11,0.0227645810248186,0.146732685831173,28098083209.8591,2250.46147777604,93174.9336895315,88476,5226,1148682365,0.853205276377906,39.2333622579269,77542497,982.2699585,32525,0.449081864783868,0.188794944498722
"BNSF",2003,11928651220.4684,130500,5.06e+11,0.0235744095266173,0.142993618492428,28706756678.8502,2136.6937614234,90623.0775640563,87269,5377,1213409476,1.01954725148938,41.0309356654158,74246467,982.2698975,32266,0.439930552575438,0.195483823582248
"BNSF",2004,13002868030.8369,130500,5.69e+11,0.0228521406517345,0.126308271609111,29186932468.5235,2026.97060051333,74185.5407648661,87100,5720,1.34e+09,1.12215813452432,40.8525120626585,82900000,982,32200,0.463164131937586,0.198494676717745
"BNSF",2005,14674294978.3107,130500,5.97e+11,0.0245800585901352,0.124963482696465,29696345984.4968,2094.19681254393,71035.7318481276,81624,5790,1402347000,1.51950612408308,39.9170625129355,86132374,982,32154,0.453388632293336,0.19730139917786
"BNSF",2006,16349241955.6596,130500,5.4e+11,0.0302763739919623,0.120100227185212,31515489600.4725,1865.35740177404,62678.6419573875,84872,6330,1478212000,1.94788187124967,39.8184926349398,90012242,982,31910,0.465220108938298,0.192286505292971
"BNSF",2007,16763169829.6587,130500,6.55e+11,0.0255926256941354,0.120879836403659,32685053527.0306,1920.83717041155,82903.167187211,85095,6400,1.44e+09,2.28308938523252,36.5996987398358,89671834,1079,32205,0.481369228026386,0.198071160417422
"BNSF",2008,18652267775.3149,130500,6.64e+11,0.0280907647218597,0.119880539648762,33711637279.597,2138.87652088118,88733.4734007359,82319,6510,1.42e+09,3.17167488558555,42.2420741359484,80659586,1090.1,32166,0.502588823424388,0.203538690882365
"BNSF",2009,14486758207,130500,5.94e+11,0.0243884818299663,0.11068169287281,35216361000,2097.48527143543,91495.0732356857,79098,6759,1.2e+09,1.88333333333333,41.0692433670827,72878114,1108.06,32140,0.524603497356649,0.174413116338236
"BNSF",2010,16594696719.9186,130500,6.47e+11,0.0256486811745264,0.11478606438722,36342956222.7689,2463.92225186208,114230.044572796,76524,6690,1.3e+09,2.22674664715033,45.6532005900673,72167639,1114.34,32378,0.519903273809524,0.203223287643766
"BNSF",2011,19101358927.275,130500,6.48e+11,0.0294774057519676,0.116066559319896,36943981530.7772,2766.87770843173,118362.079891901,78408,6869,1.34e+09,2.96175621452304,44.5652319474006,78670772,1114.2,32303,0.497929130234699,0.20907551173903
"BNSF",2012,19979942324.6177,130500,6.58e+11,0.0303646539887807,0.11289439696342,37723149230.6084,3007.36941045702,122024.621504416,75722,7039,1.33e+09,3.0514540178395,45.5403366464494,82629810,1126.17,32514,0.48664207969776,0.207031556585295
"BNSF",2013,19965239636.7581,130500,6.75e+11,0.0295781327951972,0.114135800060399,39772630604.3432,3137.60369606674,123954.568168179,73577,7310,1378641157,2.92958095738108,45.7660958551745,84738786,1115.72412,32595,0.499368152389049,0.195251964388593
"BNSF",2014,21274741983.9532,130500,7.11e+11,0.0299222812713828,0.108343270280502,42168391269.9435,3044.03940741121,127004.304451898,76438,7834,1444086851,2.73298028984623,44.8868140357451,90524623,1139.791062,32643,0.509749723080962,0.204114237832114
"BO",1983,1762901633.49212,710700,22129820000,0.0796618153013499,NA,NA,5972.76480054369,69486.7824337059,42282,960,84679510,1.48811673837161,33.6034581842551,23976000,250.4081421,5534,0.00432491884874039,0.19627413001408
"BO",1984,1962234866.27781,710700,26502323000,0.0740401083436274,NA,NA,5115.82577148437,69039.2505342086,39775,896,95839778,1.48185058569062,37.2765621786794,23948000,273.9909668,5316,0.00516368264015827,0.161371400382544
"BO",1985,1839053650.69872,710700,25276030000,0.0727588015482938,NA,NA,4776.73996964735,63365.5697852369,37142,877,92999567,1.38686952625654,36.7459626985373,22181000,281.4671326,5268,0.00748989778455125,0.18490216745274
"CN",1999,1277579546.84553,114900,35223900000,0.0362702468166651,0.154410837547549,2211708572.21369,1894.65626477992,36192.7182849325,19525,541,83455433,0.702653915669328,38.1950948160261,10738022,300.7633667,3219,0.322832744585353,0.13366021316753
"CN",2000,1345837348.91247,114900,37536867000,0.0358537474348212,0.154684621085798,2330716998.64441,2543.41921645231,42887.0936053875,18836,507,83391033,1.03129502158733,36.0596442496411,11098321,294.7211609,3171,0.267501635978304,0.131074346553737
"CN",2001,1252097825.74953,114900,37263822000,0.0336008964874705,0.145231612301491,2392505343.09219,2447.1306586693,50038.4666519379,18617,407,64243590.1803452,1.02611358654361,37.1634187506061,10885134,279.3913574,3171,0.136469984832379,0.150877399593416
"CN",2002,1732277116.1128,114900,50097506000,0.034578110856712,0.144155309871243,8434187069.31019,2465.91760034146,56583.435490711,31583,672,123149029,0.843354397248737,35.0524626701954,14547278,305.5117188,6390,0.109302982088569,0.203256478272272
"CN",2003,1704418716.92283,114900,51618267000,0.0330196811319301,0.14022815086494,8487527816.53196,2371.73659993414,57928.4564603014,31277,653,118366977,0.95082242868834,40.3477041657864,14279962,314.1478882,6493,0.129367906501007,0.212588293099559
"CN",2004,1714271064.03034,114900,5.28e+10,0.0324672550005747,0.122502016823039,9108250106.60502,2357.75625501146,53374.1963212135,33000,733,1.12e+08,1.07206178923305,43.6845815631488,14100000,265,6820,0.15356820234869,0.220729677130982
"CN",2005,1972127860.10154,114900,5.41e+10,0.0364533800388455,0.122348752918518,9104175862.40637,2208.35280320854,56313.4075696792,35269,720,110744109,1.41365597107685,43.2772202078197,13753799,260.45,6736,0.183021806853583,0.33605616257017
"CN",2006,2186094566.08868,114900,5.53e+10,0.0395315473072094,0.121671934745196,9076993418.55461,2565.40605633199,64306.1894078944,32744,637,108142388,1.90184600263425,40.5256248093475,13489522,275.86,6737,0.152351932965149,0.346111696022396
"CN",2007,2220627814.53552,114900,5.47e+10,0.0405964865545798,0.120354730165602,8998341792.17951,2870.63777579285,81361.3084994941,29440,537,107171119,2.25281498169613,39.8422155942191,13290864,280.65,6738,0.131553677741502,0.356980409311773
"CN",2008,2332650649.87406,114900,5.35e+10,0.0436009467266179,0.120082530267896,8992411083.12342,3058.35460206662,89735.7719125324,25675,483,100478395,3.06844414233796,42.1393915175195,13211425,281.72,6738,0.140734179706722,0.358672425326885
"CN",2009,1841991376,114900,4.27e+10,0.0431379713348946,0.106961355973321,9596236000,3691.16867549378,88557.8889546351,22733,507,77975988,1.68000436236858,50.6498601259268,12100527,271.37,6896,0.14218009478673,0.345885240819019
"CN",2010,2255590250.64959,114900,5.01e+10,0.0450217614900119,0.111498286987679,9860082792.41629,4457.45146325824,81613.3033324862,21221,470,88289575,2.1932754836014,47.4073166307536,13165462,267.81,6035,0.168243953732913,0.385989868774018
"CN",2011,2452265577.35681,114900,5.13e+10,0.0478024479016922,0.115346680375015,9958797564.54064,5075.22414943182,126016.779069655,19878,430,124776076,3.00227100079384,48.6587316982958,13094307,271.75,6077,0.169560776302349,0.386734497444004
"CN",2012,2664725037.7805,114900,5.55e+10,0.0480130637437928,0.110672473001409,10199771891.3062,4857.39509425548,116949.174421147,18882,430,101366848,3.05669603539023,49.0514201500018,12550866,294.62,6141,0.170915958451369,0.387267580012977
"CN",2013,2798973376.91488,114900,59435363000,0.0470927278918928,0.112993293904702,10429925368.9467,4946.44574982408,130485.265249198,18446,447,112544575,3.02007458039757,49.0522466498949,12977295,347.7501141,6112,0.155112107863994,0.392762369638864
"CN",2014,3030981429.30752,114900,66363994000,0.0456720767786749,0.107598155426948,10718659943.6889,5021.39251159053,155223.283222796,17318,482,120064816,2.81443984513656,51.2045006304757,13113064,309.6823287,6091,0.182734590235847,0.366612327909814
"CNW",1983,1517295054.62612,130900,23719295000,0.063968809133076,NA,NA,2634.60994082412,37836.760897478,33262,1159,88820308,1.57019089854648,30.0696331282412,23229000,306.2846375,7842,0.110414715867398,0.371907413584266
"CNW",1984,1541870010.85114,130900,24430143000,0.0631134255272733,NA,NA,2641.59269831293,33939.6845776111,31925,1169,93786629,1.52296170626398,30.3680628321206,23575000,299.5725708,7416,0.120589929247627,0.370297560005057
"CNW",1985,1431207712.68657,130900,24216976000,0.0590993571074512,NA,NA,2253.83730452695,29489.2507265024,30665,1128,84147644,1.39095060459964,30.5198810868772,21507000,309.9852295,7301,0.165056489918477,0.326883489909763
"CNW",1986,1462593212.98156,130900,26575373000,0.0550356607593639,NA,NA,1863.25988387932,20045.6793151703,30716,1082,87854210,0.865231709250867,30.9519216162998,20351000,312.0090637,6305,0.160037514694526,0.324356536092466
"CNW",1987,1316582695.74251,130900,27465741000,0.0479354515045675,NA,NA,1619.73265533688,17982.463451113,31030,1018,79767462,0.909179249359461,29.5711891265207,19272000,305.8648071,6214,0.177038392009886,0.314490049875618
"CNW",1988,1388361546.00558,130900,30446824000,0.0455995523869939,NA,NA,1512.47616161407,15876.0736489023,29997,996,91148587,0.77630062727684,32.1894892442481,18060000,308.4409485,5794,0.234558382965748,0.341583856259026
"CNW",1989,1229976455.9283,130900,27509699000,0.0447106475402839,NA,NA,1357.10404091415,37240.203836138,28569,878,81503073,0.851401175252716,31.5460715023464,16349000,296.6836853,5650,0.223335754852607,0.336712722072231
"CNW",1990,1171227949.89764,130900,28495298000,0.0411024987314622,NA,NA,1113.7632858806,22468.9810979206,28104,851,72945936,1.0399532718677,30.0743607045617,14936420,294.9030151,5624,0.254938427353049,0.322118645673905
"CNW",1991,1094374003.16069,130900,29372510000,0.037258443461614,NA,NA,954.28907661716,14134.7997123843,28461,796,70904228,0.959096549303636,29.4378916603576,13983152,294.546875,5573,0.273659332861989,0.309878854837516
"CNW",1992,1097636208.96221,130900,30139797000,0.0364181686081766,NA,NA,896.741786983062,14032.1759578674,28264,752,67029611,0.870868225572447,28.4485196304615,13323677,293.3170776,5419,0.244135842816139,0.316647963780582
"CNW",1993,1091858919.10214,130900,32790904000,0.0332976156772666,NA,NA,834.543364920141,13822.2662161259,27643,764,78292483,0.858408913717991,27.5271078237133,13843384,306.6519165,5337,0.269364105154332,0.274591656420841
"CNW",1994,1145101553.5035,130900,37198767000,0.030783320143474,NA,NA,839.077021174197,11102.2793649298,28130,829,89867329,0.874579409510422,27.8607432397928,14459425,317.4172974,5211,0.294170246638267,0.258132458093186
"CO",1983,1796352896.46925,712800,28012618000,0.0641265624108838,NA,NA,4351.65429398061,87977.7554769584,56996,944,63062679,1.73617140452223,32.163470525447,28858000,295.6508179,4653,0.00452378171862035,0.122824443581254
"CO",1984,1956844272.73826,712800,32677241000,0.0598840114053159,NA,NA,4539.94266914596,99418.8651807437,51513,919,74876304,1.48050664675817,31.8465984682207,29894000,300.4997253,4579,0.00420311276892747,0.119542130585896
"CO",1985,1809227968.49413,712800,32213151000,0.0561642655974304,NA,NA,3760.6537458187,79397.5526387861,46703,882,67066290,1.49859082661409,16.7099997720165,49871000,306.8006897,4500,0.00286216109969768,0.122274750758303
"CR",1983,5509983416.46911,113300,70285644000,0.0783941513926957,NA,NA,4010.00043877864,83567.5467960496,104621,3407,290376555,1.6277463304466,27.1157995665058,75572000,388.9028931,16233,0.0379833219279035,0.159308527747004
"CR",1984,5885779277.10182,113300,76822049000,0.0766157549000265,NA,NA,3820.27936168742,107244.144106723,95118,2836,298816389,1.53063667892498,29.180581248992,74665000,399.3930054,15468,0.0749848991661235,0.165204315838904
"CR",1985,5404719554.17241,113300,74131725000,0.0729069713968265,NA,NA,3326.6471753333,105308.140954915,90927,2571,267823855,1.39678830341045,29.7303938099056,69201000,412.1886902,14025,0.069190656848592,0.163100218935406
"CR",1986,5280052365.60137,113300,74613689000,0.0707651965258194,NA,NA,2947.78511986283,91857.1775377071,83686,2459,256558808,0.930764170316277,30.6089617926409,64035000,402.0957336,13739,0.0561016664649834,0.166777973442007
"CR",1987,5365656823.19533,113300,81074562000,0.0661817552982319,NA,NA,2805.4009470011,86928.2851059201,79192,2328,269638826,0.919910378565356,31.7089515246616,60322000,408.650177,13341,0.056916572758581,0.168445243362978
"CR",1988,5596063153.90067,113300,85394602000,0.0655318137544651,NA,NA,2704.45635673398,85279.6290384046,75395,2323,281763229,0.812432973712015,32.3712595738906,59306000,413.9922791,13111,0.0574742263217059,0.164716184404617
"CR",1989,5207955251.75002,113300,82125064000,0.063414930815153,NA,NA,2758.48070954638,87886.5015719021,70660,2364,273086306,0.876191690259097,32.8204094463815,56244000,405.6640625,13068,0.0621820526435145,0.164129113211506
"CR",1990,5051483058.68861,113300,84105632000,0.0600611747223849,NA,NA,2636.57608506173,92583.2293958127,68229,2254,264384997,0.998054621927579,33.151796500745,50948104,406.0131836,12828,0.0659884267916803,0.165843298110476
"CR",1991,4640844069.07631,113300,82503599000,0.0562502015103161,NA,NA,2426.1217431806,104896.332155162,66752,1968,244064930,1.10351279261697,32.0992384037967,46616427,413.6368713,12454,0.0695603921230151,0.158235307852825
"CR",1992,4626482383.06063,113300,84277585000,0.0548957636014443,NA,NA,2383.9451658342,93059.0587089825,61613,2035,0,Inf,30.6360717282456,47526978,414.9438477,11895,0.061928749026209,0.15599494288893
"CR",1993,4759930752.12369,113300,86953372000,0.0547411864846793,NA,NA,2335.2004034952,108805.658522841,60017,2187,263302737,0.924947970260374,29.3843755456406,48470759,411.6447754,11831,0.0625487207327624,0.153736793187599
"CR",1994,5010319789.89137,113300,94425902000,0.0530608623668892,NA,NA,2688.41907833047,115967.344968042,56391,2147,288791865,0.877870674905189,29.7876579194083,48425190,428.3869324,11349,0.0558020103106878,0.135829422146616
"CR",1995,4826549027.61198,113300,92688334000,0.0520728857594094,NA,NA,2972.00648906084,121063.294038623,51404,2023,267350195,0.827935165234141,32.0915344459979,44689268,437.8018188,10701,0.0685926313013674,0.130265835047449
"CR",1996,4791655063.00627,113300,94740123000,0.0505768296607159,NA,NA,2992.74496659908,122466.287842883,45988,2006,275176204,0.943617184463121,31.3207307588759,42901393,441.3743591,10543,0.0658439224853639,0.12366562338249
"CR",1997,4845956652.47666,113300,97715664000,0.0495924241222642,NA,NA,3043.89838938333,122927.819771642,45690,1967,278820426,0.898029822509606,33.9325455276682,39810106,445.8909607,10801,0.0644478371553613,0.117738072978815
"CR",1998,4895114877.94052,113300,1.01e+11,0.0484664839400052,NA,NA,3226.2416458094,120849.545519057,44772,1984,283826000,0.719071026611055,NA,NA,446.0434875,10797,0.0704881177505328,0.126800151472939
"CSX",1986,7967995844.14651,125600,1.28e+11,0.0622499675323946,NA,NA,3634.79311539333,102248.703106867,169768,3488,456972000,0.852380789400253,34.4127203666557,94346000,290.3507385,22887,0.114852826262547,0.216379043618005
"CSX",1987,8209939986.24887,125600,1.41e+11,0.0582265247251693,NA,NA,3789.65584506449,101257.018764888,157628,3206,492508955,0.889615478305982,36.1369252211589,82952000,342.5706177,21494,0.146200819912328,0.215875037601558
"CSX",1988,8116561288.54596,125600,1.43e+11,0.0567591698499717,NA,NA,3516.07285995212,93106.6802925312,148073,3195,462544992,0.870501849508465,36.3398835284074,79161000,362.8217163,20376,0.128763695515854,0.212822316500743
"CSX",1989,7722619637.94213,125600,1.47e+11,0.0525348274689941,NA,NA,3235.44795554746,83114.1808936549,140452,3220,443127434,0.862236193430142,35.1026070215546,74038000,371.008606,19565,0.131995865294249,0.215732353291685
"CSX",1990,7469555589.25257,125600,1.49e+11,0.0501312455654535,NA,NA,3193.18457491653,81142.2152376339,131716,3135,431001207,0.973489116644902,35.7180033722183,67944106,374.4405823,18943,0.123608964517346,0.206239484102838
"CSX",1991,7047922000.1272,125600,1.45e+11,0.0486063586215669,NA,NA,3035.89977835684,87669.0427547864,125533,3123,399473790,0.905950253964024,35.9417992656652,62882870,384.9144592,18854,0.110699994038972,0.196850311823558
"CSX",1992,7052177327.09664,125600,1.47e+11,0.0479739954224261,NA,NA,2901.26257117692,102330.907958549,113619,2965,402092340,0.820068374931151,35.9578640695732,60530777,391.1027222,18905,0.0957809869040833,0.192211872359412
"CSX",1993,6768336336.70434,125600,1.45e+11,0.0466781816324437,NA,NA,3168.49324838148,107974.433016216,104553,2810,349046948,0.88450252014452,36.4604897113741,58447336,407.2342224,18779,0.0900377085882152,0.204730956027351
"CSX",1994,6931117792.81888,125600,1.54e+11,0.0450072583949278,NA,NA,3491.15991616147,118876.002995619,104302,2785,366111000,0.814792348557911,36.8855766503933,58420924,406.5262451,18759,0.321658869202649,0.204490105168573
"CSX",1995,7080664951.12753,125600,1.6e+11,0.0442541559445471,NA,NA,3715.98255441654,124000.473645854,99730,2805,372700000,0.799988979819979,36.3373713078057,58420504,409.1902466,18645,0.369187944905255,0.214842147961117
"CSX",1996,7051786740.74486,125600,1.57e+11,0.0449158391130246,NA,NA,4183.79038864682,149876.34958501,97504,2781,430750856,0.839957410759005,37.0299485382568,57000078,400.7339478,18504,0.38792777753611,0.209680666756879
"CSX",1997,7085420670.12295,125600,1.66e+11,0.0426832570489334,NA,NA,4253.88305256864,149830.236455063,97219,2781,438089538,0.785081418921327,37.2957125134145,56953162,410.6608276,18285,0.38442549224251,0.206589151654522
"CSX",1998,7048836369.2854,125600,1.66e+11,0.0424628696944903,NA,NA,3876.76200345185,141201.844844965,99952,2829,438997560,0.607213431059744,38.8377259970179,55889263,402.8542175,18181,0.377153305349891,0.216159924471226
"CSX",1999,8869289495.085,125600,2.06e+11,0.043054803374199,0.136894225218313,12809302906.5338,3366.75480492081,127721.496741104,127611,3713,581372054.9,0.738863368237472,41.4645689353628,66025736,435.8902283,23357,0.300621773485068,0.206792652346204
"CSX",2000,8832325657.34035,125600,2.12e+11,0.0416619134780205,0.144536371432323,12920721028.785,3505.91807976448,123314.546766415,123547,3533,607617957,1.17578269987347,38.2053079108878,69875473,455.3005676,23320,0.310341393235615,0.206159897612821
"CSX",2001,8470434495.48076,125600,2.28e+11,0.0371510284889507,0.140080027760609,12999663295.6431,3646.31757782309,116756.703369809,115449,3552,580383998,1.0805942725748,39.575137900366,65924843,502.8601074,23297,0.320726090298538,0.194760360556849
"CSX",2002,8356608351.56048,125600,2.28e+11,0.0366517910156161,0.136796397387162,13401026599.873,3433.53853394672,118819.965615192,109815,3573,570280163,0.925496475839827,42.3001954003189,60431361,516.1275024,23160,0.313582199702299,0.199370164664589
"CSX",2003,8412676460.00761,125600,2.34e+11,0.0359516088034513,0.137070938451704,13868394654.6138,3272.5822404314,109698.750884403,106869,3616,591541399,1.10386183148103,42.4113654429694,58684902,527.9342651,22841,0.304803710587897,0.198990409431531
"CSX",2004,8630436919.00262,125600,2.48e+11,0.0348001488669461,0.121969154529863,20481775029.7372,3071.39511305197,109140.05664751,104714,3710,614516401,1.19934046490532,47.3437095511288,54313863,542.1972,22153,0.312314140105187,0.202631186526029
"CSX",2005,8898441646.64442,125600,2.47e+11,0.0360260795410705,0.129059965171419,20146912949.4135,2976.25127513975,109506.255866367,103314,3790,595488598,1.42994887088316,42.4930110165125,58386696,531.0271,21357,0.326644465484365,0.199899455746702
"CSX",2006,9354426766.65401,125600,2.53e+11,0.0369740188405297,0.124963406360762,20498391553.8118,2948.12417064452,110814.834720553,101602,3853,597704442,1.9609859797525,42.0475002917829,59267634,539.8267,21114,0.340591852674445,0.184776665893608
"CSX",2007,9524194270.24472,125600,2.47e+11,0.0385594909726507,0.125114691819573,20728964185.1768,3083.94596235063,114071.71916547,94364,4007,568854125,2.1859096888838,41.7194211437517,59111958,539.6962,21166,0.342868991145444,0.181133265444178
"CSX",2008,9665023787.40554,125600,2.48e+11,0.0389718701105062,0.124437993498823,21225222166.2468,3393.70478368828,118448.398591658,91350,4143,545357097,3.13928662748035,40.8749992416954,58182375,544.6252,21204,0.358618296751061,0.172569784194088
"CSX",2009,8341786696,125600,2.09e+11,0.0399128550047847,0.112910879154975,21845318000,3264.75236230749,108882.34036855,84282,4070,446999921,1.74093319358775,41.3368664685998,50480943,549.1754648,21190,0.368902257340514,0.176507512451837
"CSX",2010,9599293391.42634,125600,2.29e+11,0.0419183117529535,0.118119959435177,22290148888.0326,3263.84513506417,110589.152678892,80302,4072,490049749,2.26629648181167,45.1154537458651,50819905,538.950087,21063,0.363235790443201,0.18608019862692
"CSX",2011,9937817286.34071,125600,2.28e+11,0.043586917922547,0.121020233737272,22742904159.4471,4338.15727578784,108407.533235475,68372,4116,500735225,3.01597229954422,44.1785128758544,52862941,570.5284977,20998,0.352112070577112,0.187963960730583
"CSX",2012,9667210531.96848,125600,2.26e+11,0.0427752678405685,0.117753619489835,22739980800.8516,4535.87365686437,107509.242744881,69129,4178,484386375,3.02714614119118,41.1199146039441,53289360,577.2146768,20740,0.333255482238914,0.200260323300603
"CSX",2013,10585885601.2569,125600,2.27e+11,0.0466338572742597,0.118867222745343,23393156949.6661,4090.8790011695,108289.109694647,68008,4050,481864807,3.00180830610483,43.7547638770895,51942089,577.2146768,20814,0.327694254890782,0.199942399779353
"CSX",2014,10962539618.3361,125600,2.45e+11,0.0447450596666778,0.112036749016498,24143502143.8693,4140.29745555131,95529.9576465423,67012,4257,507307791,2.7170633487435,45.9349265060277,52647180,583.6856538,20769,0.347625445333756,0.199013717938688
"DH",1983,197468534.948403,413400,3570608000,0.0553038964087919,NA,NA,2780.98327696196,73333.5961766029,4341,134,14011330,1.73795936800904,32.70839481043,2582000,416.8349304,1585,0.00687014056696201,0.324800064071027
"DH",1984,209846189.927997,413400,4032353000,0.0520406298575539,NA,NA,649.181634474068,12027.0386650194,3881,133,17405411,1.65007973147258,29.0369555532177,2857000,400.8303223,1581,0.0241605521512839,0.340354943832119
"DH",1985,191492699.128776,413400,3647399000,0.0525011656604544,NA,NA,434.516793267223,10147.4337336485,3697,134,15805502,1.52822595342229,26.7146429049906,2748000,359.3496704,1530,0.0192066258069767,0.323618145408597
"DH",1986,143030202.262316,413400,2684236000,0.0532852559396104,NA,NA,288.534478772683,8155.62785803582,3331,133,11134065,0.961622084738196,34.5184930190072,1637000,303.4406433,1501,0.0714318440727376,0.292484409359946
"DH",1987,138181137.335711,413400,2883707000,0.0479178839374842,NA,NA,207.32511417645,6876.23413709244,3398,119,12992865,0.978406467293788,30.389992866953,1729000,343.5438538,1501,0.0839199570581866,0.318664966822176
"DMIR",1983,141872062.868078,432900,1405971000,0.100906820174867,NA,NA,1891.97908735192,24147.9849745259,7254,66,3780000,1.55260387922747,33.6844081642558,1779000,50.19711685,366,0,0.990497086593187
"DMIR",1984,135669842.676687,432900,1493705000,0.0908277355145008,NA,NA,1018.90837078513,12351.4128238333,6245,66,4323828,1.53172388417283,28.3139557488415,2048000,48.26811218,357,0.0374082429128243,0.994168565615141
"DRGW",1983,592178775.460974,432500,12111728000,0.0488930048182203,NA,NA,6732.33687940845,92662.2112646528,10630,305,47703995,1.72416779558535,33.4354881716643,6290000,484.3916321,2412,0.297504418187149,0.0983441355042407
"DRGW",1984,674691911.133309,432500,13061744000,0.0516540449065078,NA,NA,6514.84659720545,115970.113355428,9963,314,53047055,1.72794340973696,34.513394612285,6407000,495.457428,2392,0.313070361806668,0.0870571205470242
"DRGW",1985,592893334.070353,432500,11643200000,0.0509218543072654,NA,NA,5577.07650614611,100228.4726056,9639,314,48606534,1.35281849178205,35.8883618735278,5382000,442.7745667,2248,0.270511093413984,0.0826032444532621
"DRGW",1986,527295856.691713,432500,11131208000,0.0473709463242186,NA,NA,4608.72348384694,85026.4420025806,9656,314,47023992,0.827788050241156,34.8919641284091,4903000,432.7673035,2248,0.247909818422148,0.181928610951364
"DRGW",1987,484982064.206121,432500,10859525000,0.0446596019813133,NA,NA,4166.80273545183,74272.2199023072,10438,314,44552296,0.890939080962297,36.9253028321725,4561000,466.9960022,2247,0.184458566377157,0.0962898209230692
"DRGW",1988,514248855.453335,432500,11819878000,0.0435071204164151,NA,NA,3873.44975526757,64053.4778444073,10154,314,44774162,0.866610425336794,38.6138475439496,4305000,462.2556763,2246,0.151490662165837,0.0864727593919301
"DRGW",1989,560150954.747701,432500,13208563000,0.0424081676975536,NA,NA,3590.29534146172,57386.1636108065,9905,314,56976302,0.901054595907734,36.958029209483,4561000,457.1860657,2246,0.152457451355286,0.0954633934160295
"DRGW",1990,547904968.805673,432500,13694661000,0.0400086551106065,NA,NA,3185.07995832055,53733.0375650378,10104,314,56604603,1.05648155914169,36.6150251271868,4389775,480.7674561,2246,0.165676744976246,0.0928158417777199
"DRGW",1991,474497390.638214,432500,14031219000,0.0338172606840656,NA,NA,2896.40357305052,51181.5552022084,10191,285,52919162,0.986510258599116,32.7592766166845,4682543,496.5924377,2246,0.277576048092791,0.0795628937786945
"DRGW",1992,483090668.586112,432500,16037919000,0.0301217800505235,NA,NA,2217.47287400773,28241.3994061677,10179,283,62531605,0.883222098511908,32.0507854553749,4761695,491.0569153,2247,0.292716476370781,0.0787773066209011
"DRGW",1993,497028534.242606,432500,17398865000,0.0285667216937775,NA,NA,2110.56204001389,24682.1804563649,9060,241,64660341,0.853206068243191,29.9627490072304,4934749,469.9728394,2179,0.385248491998204,0.0826145263734405
"DTI",1983,131531720.180464,514000,1365041000,0.0963573403146599,NA,NA,3769.03574916623,60121.5156983175,3042,65,7515475,1.68478852405062,46.616292838705,1538000,229.7275391,527,0.160751460933353,0.0709224238499489
"FEC",1983,194272682.179598,422600,2725138000,0.0712891171674969,NA,NA,11197.8869764412,95384.3232277022,2802,66,11055839,1.56666853099085,15.6847448284831,2086000,240.4179993,487,0,0.623173022022191
"FEC",1984,215424336.155953,422600,3151590000,0.0683541755608925,NA,NA,10813.955889882,84393.6670865494,2866,68,12819956,1.55939263422871,21.0821115619125,2230000,240.0845642,487,0,0.648016283058775
"FEC",1985,211309926.969659,422600,3227081000,0.0654802054766084,NA,NA,9101.81480304292,80196.1332863881,2909,69,12746586,1.48595681788947,21.6413075156287,2227000,239.8959961,487,0.0589159264016667,0.659519614943823
"FEC",1986,214422993.494599,422600,3648948000,0.0587629622276334,NA,NA,8428.42469838233,78114.8036503025,2785,71,13257769,0.980933026819712,22.18634108639,2258000,242.0368805,487,0.049631373012187,0.621770622826921
"FEC",1987,224513383.0147,422600,3793720000,0.0591802724014159,NA,NA,7726.55987437588,68580.2766955614,2884,71,14247617,0.96971977806935,22.8242848551234,2324000,241.6228333,487,0.0379781726906572,0.641126846717261
"FEC",1988,236814736.849926,422600,4460698000,0.0530891660565064,NA,NA,7676.28164857818,66299.3712342165,3041,75,15413590,0.872030491914892,22.5544743610656,2354000,259.6599426,442,0.0408676301977268,0.6588205983703
"FEC",1989,224539900.214667,422600,4609473000,0.0487127053818663,NA,NA,7650.43624370053,63485.876597781,3147,77,15428898,0.922555762651348,22.8678519947395,2360000,258.4654541,442,0.0481620630983019,0.61937385252747
"FEC",1990,218104818.125531,422600,4273982000,0.0510308228077542,NA,NA,7789.77429571257,61066.327764306,3213,77,14914767,1.10069230872928,23.6698570319164,2241968,262.5618591,442,0.0440603637796065,0.605701637079607
"FEC",1991,198463524.731202,422600,3862377000,0.0513837786242,NA,NA,7340.21575095096,59498.6377326441,3172,77,14150952,1.07024705557883,25.3062507577636,2002859,239.7949371,442,0.0457121049243142,0.549151765285623
"GTW",1983,429665467.292464,614900,3633132000,0.118263103925886,NA,NA,7275.22861623959,50904.6414793342,7875,197,17273000,1.70674024955608,37.2514554725947,6891000,215.0291138,950,0.0248491425807798,0.132375942762405
"GTW",1984,629078644.71517,114900,5581447000,0.112708880818033,NA,NA,5830.59743082413,42566.644798394,9922,259,30376862,1.50124321975732,47.2508847151197,6902000,226.5197601,1325,0.0554513370457518,0.118173413277429
"GTW",1985,624933079.374824,114900,4960680000,0.125977301372962,NA,NA,5297.71829061013,41008.377759503,9432,247,28958133,1.34628682369745,38.8472245437926,8359000,184.989563,1310,0.0214730190640671,0.0999123700031339
"GTW",1986,590995577.499695,114900,5152168000,0.114708134032061,NA,NA,5740.2534340049,32989.7005181058,8678,253,28818465,0.92625571933488,37.1293859590982,8604000,190.8634491,1311,0.0323936413539004,0.0917133740903372
"GTW",1987,547068074.691316,114900,4885577000,0.111976144208006,NA,NA,4310.74012254734,28180.4765086897,8451,235,27550026,0.861931003142648,37.3575593879827,7676000,175.1102905,943,0.0399610792723176,0.10230454282299
"GTW",1988,568779692.005373,114900,5114773000,0.111203310881123,NA,NA,3985.27548301631,21877.9737537212,7937,244,27981465,0.821683204541311,38.8213274641253,7306000,181.7358246,931,0.0297983917347027,0.0739940160236425
"GTW",1989,552074054.206161,114900,5236667000,0.105424701285409,NA,NA,4579.44276737524,9889.26200412093,6861,239,28895148,0.813006911149063,36.0716030567566,7113000,184.3247833,959,0.0353581481332702,0.0619293849664985
"GTW",1990,512996117.033148,114900,5023904000,0.102111050894513,NA,NA,4303.2548997801,7640.770974863,6584,249,27654264,0.993346735269985,37.2234345684423,6729154,189.2385101,927,0.0661887637847169,0.0792343377719872
"GTW",1991,425159358.38136,114900,4909912000,0.0865920526439905,NA,NA,4123.87470109183,5398.76376510884,6321,260,24082674,1.01755247794473,37.3809813766919,5855854,206.2988281,925,0.0858545293392372,0.0767600430889866
"GTW",1992,376487265.234435,114900,5261600000,0.0715537603075938,NA,NA,4074.89560145124,3617.82497840862,5960,263,24285657,0.918017350654517,34.5419882475353,5716042,226.1400299,925,0.0895308363683694,0.070517526557595
"GTW",1993,407187236.971101,114900,6170907000,0.0659849900462121,NA,NA,3801.97618331107,3182.30478115383,5763,248,28110251,0.908214865543034,34.5994664262733,5755432,239.93573,925,0.0976609943823389,0.081961503196659
"GTW",1994,441981840.762959,114900,6454523000,0.0684762980568757,NA,NA,3691.35395366553,3320.4812858604,5235,242,27104964,0.994533864623084,32.6346339803004,5811823,219.2060852,925,0.0536723417793276,0.0736404246020121
"GTW",1995,388282419.108642,114900,6473610000,0.0599792726328342,NA,NA,3589.9159358275,3113.72010698628,5075,249,26441070,0.943879474456433,33.8446990184226,5495100,236.8336182,916,0.0760507555800273,0.0759599769693834
"GTW",1996,534233617.954684,114900,9479505000,0.0563566998439986,NA,NA,1587.83221756412,4958.79605826134,5092,249,31327645,1.08753842180574,36.1314092225063,4513914,280.7577515,918,0.0951744365138009,0.111751512081978
"GTW",1997,485518400.113888,114900,9752803000,0.0497824471707147,NA,NA,2161.65310451982,6996.80199628605,4976,244,33855000,0.901667846780737,41.1320930750028,3820395,264.0960388,659,0.0927258073461455,0.0867491147978428
"GTW",1998,454963497.55881,114900,9491268000,0.0479349542715273,NA,NA,2298.62604463824,11009.2472192104,4839,240,29967560,0.582245647957086,36.1359586408861,4181118,260.5129395,646.0499878,0.0950115945825678,0.0831311062208801
"ICG",1983,1523533296.55846,124100,24351136000,0.0625651836759672,NA,NA,4433.19636207196,59963.9499524967,35022,1082,89887220,1.54235092349982,33.4340975107765,21731000,314.2974243,7086,0.184715834530266,0.170154045169366
"ICG",1984,1640911237.60282,124100,27016738000,0.0607368379410873,NA,NA,3936.74735884393,36966.7902184695,32878,1023,94487474,1.46523569756715,34.539065737089,20765000,311.1452026,6676,0.214768888753335,0.172185323540431
"ICG",1985,1487695488.5926,124100,25747172000,0.0577809278856956,NA,NA,3648.59111833962,46639.102351152,28231,862,89581923,1.32012668489078,32.0465133345677,19147000,306.0621338,4772,0.229629526613641,0.165573243143046
"ICG",1986,1133051126.322,124100,19922088000,0.0568741151189576,NA,NA,3124.46918195288,45585.5713670919,15799,557,69175412,0.810846306216689,29.3814498631332,13994000,276.7648621,3788,0.197476777243303,0.159138553244126
"ICG",1987,915786588.65712,124100,16991851000,0.0538956343636205,NA,NA,2799.90694918657,34516.5054634223,17172,558,58604762,0.84637655819032,32.7691920493147,10126000,261.2121582,3205,0.165122119008694,0.186541188372127
"ICG",1988,916487079.818243,124100,17015833000,0.0538608412422855,NA,NA,2159.18721849115,28779.4864430492,17207,548,59023648,0.767510259026232,37.2921421957102,8651000,247.8563385,2900,0.182390660814689,0.193918767929298
"ICG",1989,856579402.100286,124100,17311325000,0.049480868858986,NA,NA,811.494746292886,12460.8599999795,17012,516,57075853,0.8434829879266,42.0555012216072,7332000,245.8471222,2887,0.25607789347471,0.202241255938391
"ICG",1990,808673650.01528,124100,17517983000,0.0461624862871074,NA,NA,580.981749022197,11003.5585527174,16431,471,51227875,0.927678299936064,38.2240463190453,7054613,264.3146667,2773,0.215132687980395,0.178674892856275
"ICG",1991,802697746.784891,124100,19357391000,0.0414672487002454,NA,NA,608.146875724453,9363.52249914146,16291,502,53428778,0.895770586756901,36.1279298140167,7017484,279.6300659,2766,0.330701959370454,0.199958790916652
"ICG",1992,774392559.96699,124100,18734614000,0.0413348553627521,NA,NA,601.760286046994,11018.5395354502,15792,449,50347419,0.844762320723216,37.0192758612046,6538977,273.4980164,2732,0.341044911200199,0.182710620747066
"ICG",1993,772993865.929983,124100,20333433000,0.0380159054267906,NA,NA,787.217273656,10519.6151404523,15391,468,51103615,0.821846665543369,36.2000641205702,6430506,302.9640503,2717,0.311768124300505,0.20315699967249
"ICG",1994,779872673.351649,124100,21160582000,0.0368549727673676,NA,NA,1305.3174617107,17156.1719193789,16178,417,52467894,0.812216847582662,36.927344836438,6441683,297.2576294,2665,0.359946453835722,0.176533424938868
"ICG",1995,798905979.641225,124100,24635672000,0.0324288283932837,NA,NA,1738.51462736507,24652.8400442746,15767,397,57757921,0.761105162253846,35.8759066674034,6795958,348.8088684,2642,0.421889730391133,0.196218558421768
"ICG",1996,744628688.146406,124100,22131626000,0.0336454577782223,NA,NA,1828.85535651411,25791.1027047716,15779,391,52299732,0.86083018211053,35.7255485511403,6482441,332.9115295,2623,0.401054646567815,0.171273711400034
"ICG",1997,742607391.618317,124100,22157554000,0.0335148632208373,NA,NA,1719.95456306261,30128.708512309,15375,365,52105148,0.821813233802172,34.8413511020572,6631054,327.8181152,2598,0.397454913091827,0.156470480875246
"ICG",1998,772535654.04857,124100,23359201000,0.0330720067886128,NA,NA,1548.2701101055,26887.732383595,15354,346,52944358,0.648897519124877,35.4062964166585,6585258,320.6611328,2593,0.418810399190503,0.1521791052488
"KCS",1983,574774620.566223,134500,11280986000,0.0509507431855888,NA,NA,10441.6807184778,123002.520678129,6749,314,37445474,1.59408191374643,35.5114305741584,5171000,331.5888977,1661,0.381439367366862,0.112337847400067
"KCS",1984,597971576.863308,134500,12011518000,0.0497831811818713,NA,NA,9608.85979798422,102793.305997461,6724,326,38470806,1.52562456600618,37.4143218660511,5112000,341.2169189,1661,0.390334539647695,0.143394945951425
"KCS",1985,563462044.434505,134500,11619652000,0.0484921617647847,NA,NA,7730.61652342282,97111.0326635806,6948,315,39374329,1.24035494866628,36.1466767717843,4825000,315.3829041,1661,0.435126299228843,0.118446438724408
"KCS",1986,519859192.366172,134500,11296071000,0.0460212398068472,NA,NA,14311.7267680126,95667.8637662501,6950,265,35958638,0.80472145848979,37.7620378133192,4525000,345.1394958,1666,0.414251543575005,0.108779046465776
"KCS",1987,524477992.026811,134500,11551454000,0.0454036342114863,NA,NA,3577.60434770477,77344.5769267709,6492,265,34858665,0.825227973112312,37.7258199869737,4352000,329.6365662,1665,0.404085213061278,0.105566676855106
"KCS",1988,518094089.244979,134500,11529960000,0.044934595544562,NA,NA,2858.38074374251,69015.6966963992,6489,265,34864268,0.761936711298396,36.0256254773008,4306000,332.0458374,1681,0.399467763180472,0.102383343999511
"KCS",1989,502255743.047706,134500,11591100000,0.0433311543380444,NA,NA,2589.38620309194,67078.7936682038,6170,277,34605442,0.817844126625318,37.3221322383041,4197000,333.7777405,1681,0.403512900908243,0.114897010211589
"KCS",1990,496964733.193682,134500,12013662000,0.0413666318557723,NA,NA,2159.44608667051,80425.0524477322,6718,263,33821126,1.0114808959715,38.2443428472918,3984254,321.9267273,1681,0.381473696459297,0.120084584417026
"KCS",1991,498639532.867516,134500,12183838000,0.0409263101551018,NA,NA,1940.67572043932,116074.59034586,6741,241,31625954,0.919765400575351,37.2181474901631,3927733,320.5766907,1682,0.3866551179712,0.125013140078421
"KCS",1992,NA,134500,13196318000,NA,NA,NA,Inf,117017.74438417,NA,228,32938781,0.836039482508115,NA,NA,321.3676147,1680,0.36936842737613,NA
"KCS",1993,NA,134500,13688600000,NA,NA,NA,Inf,79494.3730140667,NA,255,34578602,0.753213489855356,NA,NA,304.9908752,1712,0.356724456695985,NA
"KCS",1994,NA,134500,15560152000,NA,NA,NA,Inf,74154.0533392619,NA,382,49995198,0.695449070919555,NA,NA,261.2297974,2880,0.289275539917605,NA
"KCS",1995,693409790.477818,134500,18921558000,0.0366465483697388,NA,NA,2418.15429301084,76294.3256407473,15402,422,57592772,0.73085294271455,36.6328119071528,5576286,302.4884033,2931,0.261754757946558,0.168250773333417
"KCS",1996,669639398.851659,134500,18174605000,0.0368447841838466,NA,NA,1977.50509026537,45606.0666922764,15209,435,55160093,0.779150786756842,36.9462966060661,5341375,297.8564453,2954,0.26524056653417,0.137538142738803
"KCS",1997,666853397.959823,134500,19418706000,0.0343407741978185,NA,NA,1485.50346411541,40604.5383528064,16520,412,58000191,0.778311698644497,38.1053190459268,5239528,325.3532104,2845,0.271875294368224,0.151229935622647
"KCS",1998,728976168.917634,134500,21635293000,0.0336938431532974,NA,NA,1371.06329304028,34321.7592147351,15691,426,63364766,0.648917549149104,35.0508545781773,5464998,322.5104675,2756,0.284974696899182,0.148964134060987
"KCS",1999,711385230.012116,134500,22225657000,0.0320073881285991,0.139363928567145,1603022695.19491,1319.67155374437,27614.0157269476,15337,495,63992383,0.643882605036294,36.368621249679,5574288,341.3397827,2756,0.291376897641704,0.154783848561401
"KCS",2000,659762795.696298,134500,19958445000,0.0330568236000499,0.134859691846932,1578957781.22443,1264.17083419396,25174.7856796766,14610,491,54292964,1.01894634873402,35.7107735545352,5163323,319.4322205,2701,0.286973335898663,0.154668286614007
"KCS",2001,678593299.344501,134500,20134739000,0.0337026121542723,0.128448262694012,1742402063.20968,1122.5954956236,31540.645062554,14107,490,57633711,0.917029933108269,39.3991712864798,5034610,308.1438904,3102,0.318051554033057,0.153261851572655
"KCS",2002,650863259.954373,134500,20146038000,0.0323072586259578,0.119786101132335,1880504009.97201,1041.30349248178,36715.0597508795,13561,488,55313784,0.823934219502616,38.6601403031004,5223050,303.783905,3084,0.302986357664966,0.149666026802438
"KCS",2003,650229683.266266,134500,20513163000,0.031698167818696,0.117939153115288,1909485869.77827,989.345329956548,36895.7058900955,13178,487,55442915,1.00207786360554,37.9019196905998,5277964,306.2260437,3084,0.260615100801373,0.164926687642982
"KCS",2004,678224599.950625,134501,21219536000,0.0319622728767785,0.098355694819642,1940311286.66652,988.069450014501,34698.3155843155,13277,518,59196306,1.27166269696448,37.3584161061908,5633737,313.6665,3072,0.43421686402815,0.180125254123217
"KCS",2005,817021864.298062,134502,25167380000,0.03246352478081,0.0999271577492223,2057356410.56305,875.689438911014,34902.197249819,14939,573,73983643,1.82716187064003,42.6696751161695,5581763,345.3642,3197,0.450040308673488,0.182892891790544
"KCS",2006,924039846.221997,134503,30483261000,0.0303130247850451,0.100904755694548,2021859047.37797,833.366176197071,30843.01888423,14355,620,69168958,2.14679758655451,43.3017879507745,5737677,381.014,3176,0.457553590196973,0.176915338869312
"KCS",2007,968491909.301991,134504,30101534000,0.0321741712333329,0.0993805073669175,2277172416.62728,978.194523885745,23194.9587645212,13003,653,70423075,2.20428458154582,38.5704690298774,5915080,386.0656,3151,0.462350849959575,0.170360047581525
"KCS",2008,1091820199.49622,134505,29624261000,0.0368556096469789,0.105856354929025,2517294710.32746,946.104012717655,15532.9691113385,12329,586,63949708,3.34147968078377,36.6552233411524,6079580,373.859602,3165,0.463278465246445,0.164007798522044
"KCS",2009,897478404,134506,28598650000,0.0313818450870933,0.100447213181727,2844301000,628.299990881736,25033.2173913043,10967,552,60561782,1.69220582049584,37.3465713595165,5382877,391.2799289,3076,0.523372427148713,0.148396700297711
"KCS",2010,1076219578.72689,134507,29629155000,0.0363229926309709,0.107073858013889,2980835235.18776,514.572988210436,29777.4758667927,10806,524,62354259,2.28681488268775,41.4979973224624,5369970,390.7158493,3076,0.530224193147656,0.159676382440946
"KCS",2011,1173335849.45841,134508,30485863000,0.0384878672930601,0.110726903227903,3187711384.51412,543.519684118427,50165.0392685076,10523,555,64833378,2.92359733177739,38.0350964300756,6023961,393.5437036,3079,0.567768029075293,0.147850233927032
"KCS",2012,1229230240.55963,134509,29801839000,0.0412467915338925,0.108022405646517,3347792573.16111,821.897577661248,62410.9269902314,10896,534,63456455,2.92712707546844,36.9520993302443,6327316,400.0085768,3238,0.420705159924322,0.146040200552446
"KCS",2013,1227676945.73817,134509,31079068000,0.0395017297731764,0.111316592719002,3487658754.65275,2260.60456790895,101786.777425163,11618,540,65943491,2.88028473539237,36.3415844407346,6466985,415.7790472,3245,0.406355077300653,0.149486209658261
"KCS",2014,1301261853.84884,134509,33826142000,0.0384691181704625,0.107159750643084,3674972856.59079,3620.00197728946,141332.781077815,12041,626,71987931,2.60008179868852,35.488796177719,6825109,440.8693533,3339,0.441890654595463,0.172073683851787
"MILW",1983,721622149.88996,431300,10624680000,0.0679194243864248,NA,NA,5069.08552016157,31320.5572253641,11921,333,39943686,1.54304700994631,26.6470679933901,9443000,324.0516052,3090,0.0756064809459973,0.228957886402654
"MILW",1984,813996110.335001,431300,12509708000,0.0650691535194107,NA,NA,4526.92461221956,29016.9014690293,11195,323,43786083,1.516719883463,30.3723776217288,9571000,359.1853638,3023,0.111509804706165,0.224136534182391
"MKT",1983,429731726.08345,435300,7668736000,0.0560368391979396,NA,NA,8259.28995065581,106108.747636993,4506,196,32053850,1.53837919118834,33.2769415785985,4959000,318.0728455,3099,0.106294802061088,0.435942542682372
"MKT",1984,510375278.824319,435300,8393440000,0.0608064487056938,NA,NA,7337.47529462954,113712.364777901,4778,233,35062911,1.46676308688262,32.6560775701933,5599000,314.9981384,3099,0.117287797851656,0.470428829012756
"MKT",1985,482529952.808423,435300,8918065000,0.0541070235312731,NA,NA,6817.11045342923,98922.3398784528,4561,243,35696843,1.32511429911992,31.3197041244371,5389000,336.3530579,3147,0.292252755733273,0.408965351133069
"MKT",1986,412391419.549237,435300,8099896000,0.0509131746320245,NA,NA,6284.18585795562,80170.7380344985,4136,262,33682277,0.852294162171996,36.3588210680365,4541000,296.9932251,3377,0.278669079588627,0.475760815145884
"MKT",1987,422237048.399345,435300,9713837000,0.0434675863306483,NA,NA,6162.82894868943,76107.0776424087,3521,237,35282408,0.865395639609127,33.3749214652464,4666000,340.3110046,3130,0.374578952279611,0.489298007790777
"MP",1983,3108837393.42075,735700,49330524000,0.0630205629565328,NA,NA,10147.2642480574,163482.434894443,45905,1589,196717291,1.56736625009356,35.0528689683386,32289000,409.7798157,11056,0.246545009819884,0.221940674778355
"MP",1984,3278274729.51424,735700,52844156000,0.0620366560403432,NA,NA,10329.1073035486,159069.514138235,42719,1499,218828589,1.44175830431254,34.003551836793,34951000,402.978302,10992,0.271188244410602,0.227339439886166
"MP",1985,3121749748.26239,735700,51370521000,0.0607692833845775,NA,NA,9324.47662105233,183967.909507022,40467,1390,208707121,1.34883579766914,36.6557773742931,32387000,401.6491089,10920,0.248508128893612,0.208270899350318
"NS",1985,5994518400.96953,117000,91754625000,0.0653320571139551,NA,NA,5364.0895188321,115676.344734833,144598,2425,147029873,2.83639456986121,33.2651310191903,68180000,325.3594666,17620,0.0702925825809871,0.183026895916507
"NS",1986,5784160090.51402,117000,91418116000,0.0632714864799228,NA,NA,4925.20790263228,119762.23410672,132918,2408,295412262,0.827947431793623,32.942208707275,64634000,360.4815369,17520,0.0656178260765556,0.185956965173067
"NS",1987,5712727542.69221,117000,94265911000,0.0606022631308598,NA,NA,4490.26104860166,117627.472677096,125822,2229,303115665,0.878538238474542,33.7098059343291,60985000,367.9516907,17254,0.0589323797337513,0.189518725706194
"NS",1988,5997610566.29496,117000,1.01e+11,0.0593822828346036,NA,NA,4248.35714465907,107234.594960566,118744,2179,321427530,0.768784381475022,34.5615944957434,57836000,369.4481201,17006,0.0737768620830779,0.192194373586552
"NS",1989,5770864237.37453,117000,1e+11,0.0577086423737453,NA,NA,4207.86470550583,107677.701299795,114438,2180,316205324,0.86404461044086,35.9271978590286,56188000,367.0457764,15955,0.0791016046655481,0.184050687080901
"NS",1990,5664870197.55585,117000,1.09e+11,0.0519712862161087,NA,NA,4365.97401832526,119087.627722151,111495,2140,311512646,1.04113056202766,35.353784164458,54371526,394.9238586,14842,0.0808838607618677,0.170648317996096
"NS",1991,5351671731.0032,117000,1.04e+11,0.051458382028877,NA,NA,4228.35549780298,127473.830079752,109648,2010,291751604,0.973221557089689,34.8151537497947,51264031,405.8277283,14721,0.115577381281129,0.168213459648407
"NS",1992,5370428465.47157,117000,1.07e+11,0.0501909202380521,NA,NA,4275.76473476796,128059.979209493,106986,2048,300773338,0.862452813659945,34.823660601881,49297871,410.8717957,14703,0.112654717512929,0.170919342550604
"NS",1993,5286397785.60045,117000,1.12e+11,0.0471999802285755,NA,NA,4504.05676528812,126145.083497909,104078,2047,348158000,0.713393250636419,35.1476589958816,48445352,425.6532288,14589,0.117145279130169,0.180868207972938
"NS",1994,5469459183.338,117000,1.22e+11,0.0448316326503115,NA,NA,4859.59607958753,128956.84205011,101940,2049,332509315,0.767716951851267,34.4564340994546,47403261,442.1395874,14652,0.129391785590172,0.184166657590783
"NS",1995,5511000727.66284,117000,1.27e+11,0.0433937065170303,NA,NA,4908.33432398922,139932.730317125,96587,2013,333147092,0.756693942503939,36.1963310130212,47263224,453.0698547,14407,0.12590299831414,0.184515068471626
"NS",1996,5528519372.22876,117000,1.3e+11,0.0425270720940674,NA,NA,5104.31978921888,138813.187568764,90996,2153,342482956,0.888903937569178,34.4832726747405,46955554,447.1044312,14282,0.124140975675271,0.174692903048292
"NS",1997,5600719399.63717,117000,1.36e+11,0.0411817602914498,NA,NA,5241.24249478297,147866.725448206,88693,2196,351391576,0.829127543327998,34.4305134930947,46780063,454.285553,14415,0.124800873139677,0.175091264112114
"NS",1998,5549195194.97812,117000,1.33e+11,0.0417232721426927,NA,NA,4799.0438009865,138590.685398566,91197,2261,362255849,0.609342993753388,33.4013368500461,50633928,436.9419556,14423,0.135210972463524,0.174280509258624
"NS",1999,8882392026.50479,117000,1.89e+11,0.0469967832090201,0.141101889260092,11674608111.3151,3931.33005331304,106279.669065108,116774,3399,523281432.1,0.692271806105134,37.1712547581,64657824,458.6842957,21788,0.195155973956939,0.154294608109861
"NS",2000,7720057052.13536,117000,1.97e+11,0.0391881068636313,0.138932079137599,11890502302.0651,3685.19128123656,92591.9738693856,114199,3469,517622286,1.1270355606372,30.5390778264011,68365816,472.5901489,21759,0.250877318959659,0.16629707719353
"NS",2001,7360923430.80248,117000,1.82e+11,0.0404446342351785,0.131021903256922,12086278700.4645,3476.87831027059,92542.4835765001,107540,3532,477644140,1.02886877811041,26.8059213715149,60281692,450.0783691,21569,0.254672396616104,0.159644349292186
"NS",2002,7349342397.51641,117000,1.79e+11,0.0410577787570749,0.126602402985507,12402023801.1242,3349.38499063083,93223.0412563363,105003,3487,472489649,0.850501783411146,29.2057094615832,54385193,446.4631653,21558,0.24616302042128,0.162984748452438
"NS",2003,7389489158.18238,117000,1.83e+11,0.04037972217586,0.123399400133416,12548430167.5333,3214.0138072692,106655.896604831,100633,3409,472234899,0.928136842992283,30.1105915055278,54564159,451.0861206,21520,0.240377391627694,0.167144597445844
"NS",2004,8037041267.3654,117000,1.98e+11,0.0405911175119464,0.115441882759351,21373223062.594,3402.28939731194,105886.28519431,99700,3701,5.03e+08,1.00168787753761,31.0058992020618,53600000,460,21300,0.239008792965627,0.163002789184802
"NS",2005,8965564208.91271,117000,2.03e+11,0.0441653409306045,0.121299368875909,21167783563.9969,3233.93535277337,106235.926759846,98966,3729,5.13e+08,1.54070296702728,30.5041673763543,57600000,456.3059,21184,0.239749281796814,0.156139070046319
"NS",2006,9647937080.74927,117000,2.04e+11,0.0472938092193592,0.118758163310639,21271872758.7225,3134.52702277535,109305.978382676,97773,3854,5.19e+08,1.98547259978717,30.6372457780956,57800000,451.1595,21141,0.257583682008368,0.154025643619582
"NS",2007,9337668583.43436,117000,1.96e+11,0.047641166242012,0.118191029759034,21257587276.7995,3175.25030117531,109483.527180489,95360,3886,497623614,2.14717670590451,28.4366220819204,58087754,447.36,20890,0.265222161272628,0.155246641414903
"NS",2008,10447959579.8489,117000,1.95e+11,0.0535792798966609,0.117137220651799,21760352644.8363,3334.46064884214,109694.440547334,94486,3914,482555200,3.1110626221494,29.5554579392559,57737779,447.84,20831,0.283389450056117,0.150177708413073
"NS",2009,7711530509,117000,1.59e+11,0.0485001918805031,0.106561068497725,22434526000,2734.09711360649,98669.9003067485,89766,3912,3.93e+08,1.6412213740458,28.6333813954861,52233754,450.95,20623,0.27563025210084,0.14820702643379
"NS",2010,9141873504.45083,117000,1.82e+11,0.0502300742002793,0.110322527715943,23068275092.1288,2692.69601628614,103590.883714935,86874,3887,4.4e+08,2.18702032626571,31.7460211405608,53310602,458.89,20183,0.26510663507109,0.152651650565918
"NS",2011,10446713056.2305,117000,1.92e+11,0.0544099638345336,0.115568533201657,23082971144.2593,2919.73811167239,108074.742992413,87478,3991,4.74e+08,2.96114661151501,31.622941425947,57888661,476.36,20141,0.269823479966377,0.14848253555158
"NS",2012,10194793852.4707,117000,1.86e+11,0.0548107196369393,0.111218840040742,23625352380.4093,3063.20478987684,108750.375324505,86056,4029,4.59e+08,2.98181299075284,30.5748155552725,57371641,484.66,20023,0.248070877393541,0.146369270788926
"NS",2013,10246873775.3212,117000,1.94e+11,0.052818936986192,0.11191762196251,24304109384.06,2948.12543193471,105981.099247333,79139,4139,476304438,2.89260245144982,31.0551178161606,55596105,496.7795197,19961,0.251142631311657,0.148863512236534
"NS",2014,10414653632.6163,117000,2.05e+11,0.0508031884517866,0.106910368939026,24783829889.0341,2961.03392694428,101951.6189428,77503,4265,494001203,2.67103683272472,30.0526456798425,55027650,521.2178097,19759,0.253956307550303,0.157730829990144
"NW",1983,2825558561.77583,717000,40594229000,0.069604932311335,NA,NA,4875.72077226312,84162.6693738224,83159,1263,136307302,1.54854900987537,31.3749163024286,32743000,327.6687622,7981,0,0.138662568256091
"NW",1984,3061091189.75712,717000,43766213000,0.0699418793615321,NA,NA,4637.6297718784,83870.1593034542,81203,1227,149962725,1.47551046427464,32.2534735111321,35772000,319.7111206,7746,0.00411190611808246,0.136829743263283
"PLE",1983,90529293.6520105,518200,1085819000,0.0833742029307007,NA,NA,-37.7365820396388,-310.805851122613,13903,98,3170877,1.85085787417167,34.6628389405467,1942000,95.70903778,400,0.467286575110585,0.201668610269823
"PLE",1984,97524331.6261072,518200,1009088000,0.0966460126630256,NA,NA,1418.22901242627,8107.48449358391,12121,91,3119422,2.08901704280611,34.4654275031987,1918000,92.17941284,408,0.354773526887645,0.266236495206549
"SCL",1983,0,725600,73927978000,0,NA,NA,5741.46184151479,90569.3393178603,111572,2189,292406161,1.56104406191321,32.576577402467,56387000,323.0750732,15064,0,NA
"SCL",1984,0,725600,80242639000,0,NA,NA,5375.40654355979,104631.226964717,108323,2132,318263516,1.48036525866289,32.7029580777891,57389000,318.6874695,14414,0,NA
"SCL",1985,0,725600,76573315000,0,NA,NA,3655.24660267971,116611.287102692,98523,2169,296792459,1.38638396691927,32.8968519537961,53290000,316.7485046,14177,0,NA
"SOO",1983,0,537700,8791406000,0,NA,NA,6167.71518158159,95830.677509047,12568,241,28136875,1.59193842197294,33.1104395738585,6820000,433.8863831,4438,0,NA
"SOO",1984,630057918.493487,537700,9961432000,0.0632497334212076,NA,NA,5990.62816659545,87722.5832919985,12046,243,31034127,1.54451604341388,30.6288897073204,7690000,433.1622314,4628,0.121249277007927,0.327708605948557
"SOO",1985,1158281265.57758,137700,18342149000,0.0631486128248976,NA,NA,3408.81417379381,51219.5638912674,22734,551,61612976,1.39603785902537,32.3001537964237,13521000,382.287384,7975,0.115999992530864,0.237002885212692
"SOO",1986,1130178690.87991,137700,19501900000,0.0579522349555639,NA,NA,4821.83974904803,44339.4103411335,16836,518,66963400,0.85448449796973,35.847327970954,12428000,392.2897339,7747,0.120011154143955,0.240634431090567
"SOO",1987,1205309134.7765,137700,21938340000,0.0549407628278393,NA,NA,3437.26451960669,42849.8859952629,13393,435,68846600,0.907199816298749,37.5529320365954,10563000,396.15625,5809,0.130808895157975,0.26348819537603
"SOO",1988,1081309968.75772,137700,20609252000,0.0524672107826972,NA,NA,2967.91075715507,36094.3655296256,12295,424,56939000,0.82349563524614,38.4606736598475,9411000,393.0737915,5807,0.1167443345348,0.295049741715074
"SOO",1989,968939964.61821,137700,20491766000,0.0472843562930696,NA,NA,2536.50810767792,36859.6218768855,12673,393,54606934,0.898911232732942,38.4675614394454,8868000,396.681366,5770,0.157267447715341,0.304274601817798
"SOO",1990,987397091.08044,137700,22928304000,0.0430645498716538,NA,NA,2543.58447577131,36780.3691225314,12043,397,57281700,1.05489560882077,36.3983846614674,9250943,415.9631348,5293,0.167269232858773,0.297848866182061
"SOO",1991,936780112.315112,137700,22869334000,0.040962282168563,NA,NA,2525.42865461645,36048.1108549569,11614,374,54660000,0.925975674873585,35.0400268721658,9236007,406.0822449,5045,0.166051314437054,0.303689082271933
"SOO",1992,906324180.518457,137700,22905393000,0.0395681567445037,NA,NA,2307.09145661273,34533.7131219802,11695,373,53481000,0.872110597453727,34.8895247179862,8978513,373.5204163,5033,0.137913875566335,0.313168709328214
"SOO",1993,914436857.917521,137700,22964547000,0.0398195034248889,NA,NA,2972.72819832535,33751.5979783881,8949,373,52616000,0.833686226302655,33.6756546397288,9016287,391.5123291,5062,0.165561230614932,0.309685336327315
"SOO",1994,611664447.848877,137700,20555959000,0.0297560647911818,NA,NA,4335.7773833186,32026.2055159038,9458,373,49901000,0.770150967958724,34.1310538373687,8257568,392.8891296,5139,0.217571532236349,0.221925557253791
"SOO",1995,971390044.675319,137700,24881529000,0.0390406089865024,NA,NA,5633.65497526273,30229.3243414237,10600,373,57407000,0.752852832988021,32.3475043046251,8502465,414.7958374,5130,0.19840771914787,0.273623687529848
"SOO",1996,899608534.462457,137700,24683873000,0.0364451937693269,NA,NA,6557.55971624249,27934.0103345209,11868,362,60531000,0.868576220598948,33.3570073788322,8052251,411.5281982,4980,0.191590452195245,0.269793189594991
"SOO",1997,824677246.860512,137700,21471958000,0.038407174923708,NA,NA,6636.25494582978,30870.6970079721,10928,333,49582000,0.884989559907691,32.5063422194368,6925581,364.2339783,3364,0.223782810817719,0.245686773620597
"SOO",1998,753090734.893158,137700,20406552000,0.0369043596827704,NA,NA,4559.23977308614,98257.2641449189,13909,393,46631000,0.644885387354958,33.9184906850154,6660217,369.1889954,3358,0.230657990099676,0.244868485521125
"SOO",1999,715494012.0658,137700,20574825000,0.034775217386578,0.148670196841753,1023057418.71823,4543.06447473239,112117.299331247,13126,363,45939000,0.74172312329061,33.3538371211994,6282642,379.7073975,3261,0.277801340180158,0.274334111694193
"SOO",2000,725149010.173052,137700,21972217000,0.0330029969289422,0.148644578443961,1036022129.13547,4511.48454834462,34503.3640540171,12234,362,45452000,1.17538914897869,35.8859799197981,5772734,418.9333496,3225,0.296089433584168,0.287932921830025
"SOO",2001,725345995.964324,137700,22754410000,0.0318771612168509,0.142851406386762,1058406266.0442,3717.51944795407,45289.9815572301,12230,327,49674000,1.10543676486571,35.4706645139507,5631225,399.2632141,3225,0.306647295749586,0.253429204190063
"SOO",2002,718328676.591641,137700,22548349000,0.0318572626577512,0.137606902489492,1097377642.9361,3589.62203276692,44072.2316247516,12098,320,45258000,0.968079765565493,36.1567949302711,5387092,398.0853271,3225,0.323444791067692,0.245664670184227
"SOO",2003,729482166.288093,137700,23305523000,0.0313008279749007,0.134117818054121,1134576669.85668,3089.15783620296,38740.3917952944,13063,355,45578000,1.08397954724248,39.0740679997216,5433930,406.2035522,3258,0.309215943328817,0.248126642483644
"SOO",2004,777494622.618219,137700,2.45e+10,0.0317344743925804,0.117414070563344,1175315887.51487,2645.83265140169,37243.3391558219,15050,376,49400000,1.43790708330748,39.5958560911343,5430000,419,3250,0.366010273972603,0.247650673679015
"SOO",2005,803149798.327916,137700,2.36e+10,0.0340317711155896,0.118359544330117,1171236451.00619,2549.87249191705,38199.691602976,14973,372,49307000,2.04316921848747,40.7141123590286,5429802,442.13,3511,0.307726864330638,0.281752278779784
"SOO",2006,816741248.998017,137700,2.4e+10,0.0340308853749174,0.114804555113915,1206563515.16686,2354.66128380895,35281.5115922387,15449,384,47878000,2.31307647053546,38.7418415132219,5476736,459.53,3267,0.300133392618942,0.318910034483986
"SOO",2007,844528706.310231,137700,2.52e+10,0.0335130439011996,0.113635222336919,1236129204.59449,2317.76254046498,76685.7727860413,14892,359,48675000,2.30067867171351,34.7082929900134,5379604,503.44,3267,0.25962596259626,0.334106085636621
"SOO",2008,880849311.838791,137700,2.37e+10,0.0371666376303287,0.114455899427631,1282573299.74811,2358.03179027091,66165.0676643453,14399,408,48465000,3.15998379468837,35.9416877662155,5341818,487.4,3267,0.225663716814159,0.342372083555701
"SOO",2009,721717040,137700,2.04e+10,0.0353782862745098,0.104735866063847,1335502000,1675.07888324114,46657.4934725849,13378,383,36100000,1.93905817174515,37.9425797016434,4926655,430.03,3154,0.207462291611537,0.342881852939485
"SOO",2010,1274469928.9645,137700,3.32e+10,0.0383876484627862,0.11922160233901,3565654978.90671,1391.96942924397,60832.063171731,18593,565,65500000,2.33795924967195,36.7764742058361,7967028,426.72,6129,0.198387096774194,0.304312167493075
"SOO",2011,1415874800.35235,137700,3.46e+10,0.0409212370044031,0.1214279707768,3635687804.31142,1629.99305877082,65308.2663833895,18269,558,72400000,3.08847196686249,36.1927554094504,8341854,435.39,6138,0.221843003412969,0.307982307118959
"SOO",2012,1539417780.12223,137700,3.65e+10,0.0421758295923898,0.117187188030927,3809157613.60288,1848.2635495009,66482.2721709268,16410,573,71100000,3.08796930767046,32.6388501356795,8675809,459.59,6134,0.253987005316007,0.287679325363067
"SOO",2013,1632950201.5319,137700,40284628000,0.040535317876881,0.117369648072807,3911542562.14578,1993.73431758946,82657.7695009084,15936,532,74985860,3.05990141068002,33.1095533026389,7951225,496.2138845,6153,0.274876177239726,0.301920412079334
"SOO",2014,1675758864.81662,137700,39856431000,0.0420448801553913,0.112989196395025,3462823650.65052,1735.19726131371,82768.7539373127,14953,506,71100522,3.15872966682886,38.2824942383376,6961634,491.7147528,5506,0.299353561338291,0.326254945232427
"SOU",1983,2987682573.72448,726100,42696167000,0.0699754283264932,NA,NA,8192.60032738519,149411.29473355,66177,1336,91618695,2.77539344000655,32.6265211845725,31865000,230.83,8589,0.113054052018299,0.220562149525777
"SOU",1984,3206669138.62922,726100,46010384000,0.0696944658977248,NA,NA,7751.86535074167,126905.78364527,64203,1319,116988459,2.09913191499905,33.5342709453344,33742000,226.84,8595,0.123545360477756,0.230057954806446
"SP",1983,3715324774.72939,838100,62097956000,0.0598300654973152,NA,NA,8609.56097392683,131424.3409127,45772,2285,268007686,1.40549457096205,31.9703548190765,49636000,691.34,10642,0.0210066703480384,0.252372038907742
"SP",1984,3968313310.13332,838100,68745862000,0.0577243952535401,NA,NA,8551.34349929636,120295.247169676,41562,2217,291949188,1.39063726404346,35.0022045467708,50149000,676.96,10696,0.0210066763291149,0.296960816628268
"SP",1985,3631019788.48094,838100,63500610000,0.0571808646953303,NA,NA,6766.53711786126,103095.840108822,42692,2104,262117527,1.30205788842281,33.3175985889564,48162000,646.76,10478,0.021155431168299,0.275544529691494
"SP",1986,3313832256.85639,838100,61698594000,0.0537100125305349,NA,NA,5469.68583583529,105498.008750278,38198,1746,235490159,0.837824114018538,30.5542439190926,47829000,679.84,10048,0.0211994396335644,0.257170556782833
"SP",1987,3260704696.39356,838100,66429862000,0.0490849235302274,NA,NA,4903.12465261346,97004.689532687,35407,1783,262082966,0.864013906866716,33.0802298448861,41722000,736.57,9901,0.0211420850159225,0.21550014460834
"SP",1988,3260451759.69642,838100,66205138000,0.0492477148782081,NA,NA,4521.92075216872,91160.4671816685,32498,1794,263794980,0.772624645306125,33.4250285271196,39839000,719.03,9879,0.0793943235493294,0.198700538358293
"SP",1989,3058847722.3942,838100,69382284000,0.0440868698181542,NA,NA,3971.82051352819,81239.8740592244,32459,1756,274438113,0.874133807816245,35.6373790724762,36261000,724.4,9879,0.0793943156440339,0.19783208900796
"SP",1990,3627112010.81566,538100,86096431000,0.0421284827801475,NA,NA,3326.26668048746,85716.4379079078,41142,2085,313070318,0.991554280133924,43.0764913880161,33457324,668.08,12600,0.0914054735439614,0.19170402780157
"SP",1991,0,538100,86575138000,0,NA,NA,3066.03929512323,93824.6351301424,37525,2064,233234400,1.1627102741396,40.1464365292998,32336650,658.67,12143,0.0870993167230066,NA
"SP",1992,0,538100,94236649000,0,NA,NA,2720.42554191657,88582.8554240285,35884,2049,NA,NA,39.6799756867887,32276613,646.32,12142,0.0468766536891608,NA
"SP",1993,3415503327.74809,538100,1.01e+11,0.0338168646311692,NA,NA,3044.65875697654,89796.0490593407,33230,1995,NA,NA,39.2872820414373,32279095,663.5,11920,0.0535696732912438,0.197691292326743
"SP",1994,4228509234.67341,138100,1.33e+11,0.0317933025163414,NA,NA,2968.19879187016,106607.590355421,43670,2407,420742746,0.794844011230197,45.8634518889762,29321028,639.22,13715,0.13241124726113,0.17749174687986
"SP",1995,4138134579.64909,138100,1.46e+11,0.0283433875318431,NA,NA,3120.68631406582,142482.807496035,47934,2427,439567991,0.772981104588114,35.444976511579,38277239,649.34,15388,0.190197925831105,0.194857456436639
"SP",1996,2978631595.87265,138100,1.56e+11,0.0190937922812349,NA,NA,2852.12549736159,143986.899434774,47566,2343,447064131,0.905356890359877,38.3190676095237,35306977,665.59,14404,0.191098714958786,0.223770922292497
"SSW",1983,725473006.043649,437300,13201818000,0.0549525077564052,NA,NA,9079.09299989213,131328.296667226,17321,307,52690407,1.47956146734132,38.3682295904635,6496000,520,2831,0,0.229959021959465
"SSW",1984,831974704.104789,437300,15386336000,0.0540723083198488,NA,NA,8762.64074691478,111178.280283622,16157,330,61984779,1.47582020806831,36.0312743090166,7522000,550.4,2831,0,0.198366123498289
"SSW",1985,716898682.157819,437300,13471856000,0.053214544614923,NA,NA,7836.19173541957,95135.3607502104,14509,313,55609651,1.38007348742157,34.6161814149395,6735000,545.33,2898,0,0.171551230386894
"SSW",1986,640462606.795688,437300,12405534000,0.05162716951932,NA,NA,10456.5256435184,78959.8005003141,13243,283,52014259,0.846648853567796,33.5025806757633,6515000,523.79,2898,0,0.151589836980308
"SSW",1987,642923906.351502,437300,13916547000,0.0461985222592574,NA,NA,5285.56265039542,73930.1407578083,12743,269,52405608,0.929287531354973,36.2653959302048,6004000,542.64,2898,0,0.140954760946737
"SSW",1988,658427776.768798,437300,15182242000,0.043368283601908,NA,NA,4898.10106907568,105338.787986957,11815,299,53348074,0.767045235190858,38.6613151271964,5470000,559.59,2898,0.00908538532044101,0.145881315980901
"SSW",1989,635849792.158742,437300,17025733000,0.0373463974889505,NA,NA,4444.13182020511,144733.79637557,11182,358,56972095,0.871461772992528,41.7703464152122,4909000,533.29,2898,0.00908539921893524,0.133443682887393
"UP",1983,3414567207.12826,739300,61185466000,0.0558068350272639,NA,NA,10553.4076441666,204252.109892501,50838,1530,246090000,1.55137255288312,36.1447542747247,39430000,697.26,9081,0.252100129285605,0.33816674897392
"UP",1984,3699274867.20235,739300,67046768000,0.0551745442405568,NA,NA,10385.7282167238,200150.257412584,47809,1400,272158787,1.47141969416144,38.8760788970243,39073000,699.29,8932,0.268345470284265,0.327487029304585
"UP",1985,3716325816.4927,739300,74612304000,0.0498084848913484,NA,NA,9107.69305229564,177116.33568619,45056,1276,258997033,1.36184986500861,33.1868728341133,37005000,684.47,8783,0.30052723588324,0.262001504680906
"UP",1986,6948850957.31175,839300,1.36e+11,0.0510944923331746,NA,NA,8086.72154480216,166491.047700283,75406,2707,484365359,0.812284982530729,36.5398546871052,62943000,536.5,21416,0.304963655167637,0.233286233493393
"UP",1987,6922865493.6605,839300,1.57e+11,0.0440946846729968,NA,NA,7281.73091054751,153492.049810571,72197,2594,492706000,0.896682738346968,36.5731508584579,60331000,658.22,20944,0.301579469696053,0.25005679632949
"UP",1988,0,839300,1.77e+11,0,NA,NA,6277.78772309895,142035.151712091,74956,2966,NA,NA,36.5434312775748,61502000,673.79,22653,0.330317797714557,NA
"UP",1989,7408628489.42258,139300,1.83e+11,0.0404843086853693,NA,NA,5888.63280499706,160537.029004593,72938,2918,557305839,0.892143322064973,36.4613401483009,62048000,689.15,21882,0.368555661914084,0.269275540438003
"UP",1990,7425877689.53111,139300,1.9e+11,0.0390835667870058,NA,NA,5717.67703773335,153718.495299593,69860,2990,576313502,1.06740271141972,35.4843394611673,61186919,679.92,21128,0.356776516166449,0.248806313842347
"UP",1991,7196983157.47867,139300,2.01e+11,0.0358058863556153,NA,NA,5316.6241121296,155196.989925545,68141,3032,561202742,0.964873611305405,36.1248727020277,59572855,704.53,20261,0.368441554940609,0.234328384096441
"UP",1992,7228587515.50197,139300,2.09e+11,0.0345865431363731,NA,NA,5188.88298025005,160502.502660001,65344,3056,568298117,0.907769070294092,37.6464524769468,56684770,717.54,19020,0.357534184648372,0.248351081878238
"UP",1993,7191159785.18799,139300,2.21e+11,0.0325391845483619,NA,NA,5457.81919377892,158980.341596782,64834,3144,599689571,0.870432628149528,36.8129819240903,56812871,730.76,17835,0.369369909867028,0.231474064038329
"UP",1994,7471258962.1024,139300,2.36e+11,0.031657876958061,NA,NA,5395.1375418805,164822.582833601,65290,3134,628975542,0.796880701094156,37.7016509422994,55901653,735.73,17499,0.36523807707356,0.203890302377755
"UP",1995,0,139300,3.07e+11,0,NA,NA,4073.50197394558,122430.06840623,91684,4109,746824992,0.856754217225099,35.348768470954,70027222,612.92,22785,0.409797588959158,NA
"UP",1996,9107908629.77594,139300,3.23e+11,0.02819785953491,NA,NA,3840.63004140799,128235.283402738,96053,4414,824083097,0.873956197832196,34.5247126095519,69147505,794.99,22266,0.432685110887812,0.238827167346195
"UP",1997,13071961342.2392,139300,4.52e+11,0.0289202684562815,NA,NA,4113.13382156516,124393.039076695,116547,6966,1228848723,0.910836139337115,35.5109915689486,106302993,878.51,34946,0.384999924010894,0.198326114973636
"UP",1998,12009684105.0029,139300,4.32e+11,0.0278001946875066,NA,NA,3659.55301182978,123149.156027393,119776,7085,1157298116,0.76186782506812,36.8616096726086,106368024,867.82,33706,0.381249427774575,0.198569181265308
"UP",1999,12846045442.8498,139300,4.73e+11,0.027158658441543,0.157630499707593,31090008868.238,4091.30301383342,131766.544237183,114729,6976,1252111733,0.684753180918656,36.7767389007231,102967057,878.43,33341,0.390536583472403,0.205788455665075
"UP",2000,13181003141.0671,139300,4.85e+11,0.0271773260640559,0.156341709523136,31766074765.2138,4050.87002031449,128072.78414895,108669,7009,1302030207,1.0925455161207,36.4947252797015,98938339,882.08,33035,0.38696130536737,0.195238317659837
"UP",2001,13059196941.0051,139300,5.04e+11,0.0259111050416768,0.148207169591486,32363675331.0329,4074.37378273155,120325.124413871,96840,6888,1296524869,1.03825706787542,37.8852455545855,94571295,886.6,33586,0.413123040701853,0.184873139764501
"UP",2002,13240143412.3568,139300,5.19e+11,0.0255108736268918,0.142336065632165,33535541757.8024,3900.36157587231,110201.098809662,90877,7094,1325049398,0.847491842137444,36.2735980566373,99732246,895.11,33141,0.408437203389031,0.181817472412058
"UP",2003,13447514773.6051,139300,5.33e+11,0.0252298588622986,0.139041583665535,34405766237.3601,3673.65064917963,107502.647635444,87805,7249,1340162765,1.0485922404425,36.5327086898732,99530707,906.72,32831,0.412449658278574,0.183992294468233
"UP",2004,13865655518.7737,139301,5.46e+11,0.0253949734776075,0.121334173007692,35001747200.2155,2736.35711475539,79946.5830080243,104640,7680,1387677873,1.3666336289172,42.8354453578649,88826086,914.8516,32616,0.397315550214503,0.181553176938671
"UP",2005,14687335346.4302,139302,5.49e+11,0.0267528876984157,0.12076393768759,35838075254.6722,2474.48262469073,71799.0052647694,106743,8224,1362933944,1.91945971711784,36.8364910231806,107547441,917.8148,32426,0.398449166498508,0.182636471926817
"UP",2006,16240515519.1326,139303,5.65e+11,0.0287442752551019,0.120140905230565,36822448635.1939,2303.81011467938,68029.8978870404,104725,8475,1382778469,2.16135294767849,36.6608889070526,110911236,923.1591,32339,0.41034589703573,0.177730037973015
"UP",2007,16474622126.9032,139304,5.62e+11,0.0293142742471588,0.119928341928746,37706816734.132,2435.81945121493,66001.4103066547,94284,8719,1338300581,2.28305308066395,36.6779138460996,107295836,929.3636,32205,0.423596535423692,0.171182312233969
"UP",2008,17874684249.8741,139300,5.63e+11,0.0317489951152292,0.118820402588631,39240760705.2897,2185.78396918055,68924.5453591329,90005,8448,1.24e+09,3.15267733810027,36.9084804635849,101684562,936.44,32012,0.451113072472296,0.174926845803243
"UP",2009,14023616752,139300,4.79e+11,0.0292768616951983,0.106880165254601,40636932000,2080.54088488768,79996.5628742515,83197,8350,9.91e+08,1.7255297679112,39.2272218660666,87216857,945.68,32094,0.449225676793947,0.163341944479889
"UP",2010,16508581878.5382,139300,5.2e+11,0.0317472728433427,0.110508616459924,41486048786.2711,2030.99242870883,87678.1006518422,77853,8174,1.06e+09,2.24624806668877,41.4869100837748,84841505,953.88,31953,0.440845221495227,0.170113104367591
"UP",2011,18639140090.2165,139300,5.44e+11,0.0342631251658392,0.115227901427656,42135620045.1083,2187.39586586846,90844.1110717684,74545,8213,1.12e+09,2.99903615990619,42.6918970979145,88487052,946.94,31898,0.447104563126663,0.169597498452753
"UP",2012,19416964863.6575,139300,5.21e+11,0.0372686465713196,0.111884098319119,43262002794.3315,2261.49056487113,99232.435608207,72775,8391,1.1e+09,3.03280876974242,40.6101714775557,91377667,938.95,31868,0.415102211097205,0.181178554435392
"UP",2013,20151813683.1734,139300,5.14e+11,0.0392058631968354,0.113389246238037,44405722649.3089,2276.15597292167,96489.3998634945,67755,8266,1102446131,2.92389418719659,42.2656744251397,88898556,939.2636843,31838,0.394806981019993,0.192583500544632
"UP",2014,21632591304.3466,139300,5.5e+11,0.0393319841897211,0.109088820779295,45798759684.2163,2322.53503547823,94313.0245508121,66218,8463,1169337734,2.71357032840819,42.0346444529085,93033106,943.4062746,31974,0.401905540158628,0.215712228265075
"WP",1983,266857135.12003,739700,5180149000,0.0515153396398502,NA,NA,6716.72258916967,30968.3747053457,5199,117,22300000,1.48720431546316,36.5111475761594,3695000,633.5023804,1426,0,0.170982411938886
"WP",1984,250289320.813561,739700,5449257000,0.0459309077941381,NA,NA,6943.62678468487,60342.5875171856,4570,109,17485825,1.46151617142584,32.4029191442862,3135000,519.9672852,1426,0.0429039685211065,0.186647112010246
"WP",1985,281160528.433876,739700,5785796000,0.0485949605609799,NA,NA,6627.02470907592,82753.613781964,3608,49,24236000,1.3422275017353,44.3045392190505,2848000,494.7239075,1409,0.0243127659711581,0.187521555664458
